title,href,year
High performance shift invariant motion estimation and compensation in wavelet domain video compression,https://search.proquest.com/openview/645002840c9ecc7c0dc1ca567730295d/1?pq-origsite=gscholar&cbl=18750&diss=y,2003
Method of detecting the movement of an entity equipped with an image sensor and device for implementing same,https://patents.google.com/patent/US8300015B2/en,2012
基于小波的视频图像压缩研究进展,https://www.ejournal.org.cn/CN/PDF/1165,2002
Estimation and mode decision for spatially correlated motion sequences,https://ieeexplore.ieee.org/abstract/document/954496/,2001
Tracking multiple moving objects using a level-set method,https://www.worldscientific.com/doi/abs/10.1142/S0218001404003071,2004
Comparative Analysis of Block Motion Estimation Algorithms,https://www.academia.edu/download/48374056/IJRRA-01-03-27.pdf,2014
Making the DDA run: Two-dimensional ray traversal using runs and runs of runs,https://ieeexplore.ieee.org/abstract/document/906640/,2001
Various techniques for low bit rate video coding,https://ieeexplore.ieee.org/abstract/document/6398221/,2012
An efficient fast full search block matching algorithm with SSD criterion,https://ieeexplore.ieee.org/abstract/document/6139485/,2011
Motion Estimation in Ultrasound Image Sequences: A Deep Learning Approach,https://etda.libraries.psu.edu/catalog/18939ssb248,2021
"Soft computing applied to optimization, computer vision and medicine",https://refubium.fu-berlin.de/handle/fub188/25127,2019
Hierarchically adaptive image block matching under complicated illumination conditions,https://content.iospress.com/articles/journal-of-computational-methods-in-sciences-and-engineering/jcm215061,2021
Low complexity intra prediction mode decision for 3D-HEVC depth coding,https://www.sciencedirect.com/science/article/pii/S0923596518304703,2018
Fast full search motion estimation algorithm using early detection of impossible candidate vectors,https://ieeexplore.ieee.org/abstract/document/1025596/,2002
Camera assisted tracking of objects in a radar system,https://patents.google.com/patent/US10634778B2/en,2020
Year of Publication: 2016,https://www.academia.edu/download/84108145/24620-24620-2016909432.pdf,2016
A low-cost solution for unmanned aerial vehicle navigation in a global positioning system–denied environment,https://journals.sagepub.com/doi/abs/10.1177/1550147718781750,2018
Performance scalable motion estimation for video coding: an overview of current status and a promising approach,https://www.igi-global.com/chapter/performance-scalable-motion-estimation-video/73135,2013
Displacement Estimation of a RC Beam Test based on TSS algorithm,https://ieeexplore.ieee.org/abstract/document/5556688/,2010
In‐plane displacement and strain image analysis,https://onlinelibrary.wiley.com/doi/abs/10.1111/mice.12127,2016
Motion estimation,https://link.springer.com/chapter/10.1007/978-3-319-51109-2_5,2017
Fast Video Compression Method based on Wavelet Transform and Simple Efficient Search Algorithm,https://www.iasj.net/iasj/download/bd9f1d679dc5fa98,2014
A hybrid block-based motion estimation algorithm using JAYA for video coding techniques,https://www.sciencedirect.com/science/article/pii/S1051200418304767,2019
Implementation Of A Java Applet For Demonstration Of Block-Matching Motion-Estimation Algorithms,http://pi4.informatik.uni-mannheim.de/pi4.data/content/animations/motionestimation/Studienarbeit_Motion_Estimation.pdf,2003
Year of Publication: 2016,https://www.academia.edu/download/109506447/26144-26144-2016910764.pdf,2016
Adaptive double-layered initial search pattern for fast motion estimation,https://ieeexplore.ieee.org/abstract/document/4014213/,2006
BMA Performance of video coding for motion estimation,https://ieeexplore.ieee.org/abstract/document/6169715/,2012
Coding of video sequences using three step search algorithm,https://www.sciencedirect.com/science/article/pii/S1877050915007346,2015
An advanced center biased search algorithm for motion estimation,https://ieeexplore.ieee.org/abstract/document/901088/,2000
Performance analysis of motion estimation algorithms based on motion activity in video sequences,http://pjosr.com/index.php/pjs/article/view/461,2012
K-Multi Constraint Shortest Paths for Video Compression in Handheld Devices Using Improved Quadtree based Motion Estimation,https://ieeexplore.ieee.org/abstract/document/9105833/,2019
A novel cooperative motion estimation algorithm based on particle swarm optimization and its multicore implementation,https://www.sciencedirect.com/science/article/pii/S0923596515001502,2015
Adaptive MRAM-based CGRAs,https://ieeexplore.ieee.org/abstract/document/7293984/,2015
Video Compression Based on RMB,https://www.ijecce.com/Download/conference/NCRTCST-2/13NCRTCST-13020.pdf,2002
Blood Speckle Imaging: An Emerging Method for Perioperative Evaluation of Subaortic and Aortic Valvar Repair,https://www.mdpi.com/2306-5354/10/10/1183,2023
Watermarking techniques for the security of medical images and image sequences,https://link.springer.com/article/10.1007/s13369-021-06254-7,2022
MPEG 블럭매칭알고리즘최적화에대한연구,,-1
A new block matching algorithm based on stochastic fractal search,https://link.springer.com/article/10.1007/s10489-018-1312-1,2019
"Поведение агента, заданное логистическим отображением",https://cyberleninka.ru/article/n/povedenie-agenta-zadannoe-logisticheskim-otobrazheniem,2015
An efficient algorithm for fast block matching motion estimation using an adaptive threshold scheme,https://www.spiedigitallibrary.org/conference-proceedings-of-spie/10996/109960C/An-efficient-algorithm-for-fast-block-matching-motion-estimation-using/10.1117/12.2505732.short,2019
Fast motion estimation using feature extraction and XOR operations,https://www.spiedigitallibrary.org/conference-proceedings-of-spie/3311/0000/Fast-motion-estimation-using-feature-extraction-and-XOR-operations/10.1117/12.304669.short,1998
A deep learning approach to track Arabidopsis seedlings' circumnutation from time-lapse videos,https://link.springer.com/article/10.1186/s13007-023-00984-5,2023
Evaluation and comparison of different fast block matching algorithms using motion estimation,https://ieeexplore.ieee.org/abstract/document/7043585/,2014
Reduction of checking points using unimodal error surface assumption for fast motion estimation,https://www.spiedigitallibrary.org/conference-proceedings-of-spie/3460/0000/Reduction-of-checking-points-using-unimodal-error-surface-assumption-for/10.1117/12.323165.short,1998
几种块匹配运动估计算法的比较,,2004
Concurrent resolution in logic programming using petri net models,https://ieeexplore.ieee.org/abstract/document/4426667/,2007
A video compression technique using zerotree wavelet and hierarchical finite state vector quantization,https://ieeexplore.ieee.org/abstract/document/1296914/,2003
The effective use of the exhaustive search block matching algorithm in railway line tracking,https://ieeexplore.ieee.org/abstract/document/8095694/,2017
A methodology to develop Computer Vision systems in Civil Engineering: Applications in material testing and fish tracking,https://www.researchgate.net/profile/Alvaro-Rodriguez-21/publication/318234623_A_methodology_to_develop_computer_vision_systems_in_civil_engineering_Applications_in_material_testing_and_fish_tracking/links/595e4922458515a35781345f/A-methodology-to-develop-computer-vision-systems-in-civil-engineering-Applications-in-material-testing-and-fish-tracking.pdf,2014
Low Level Representation of Data for Visual Sensor Network,https://www.igi-global.com/chapter/low-level-representation-data-visual/59754,2012
Motion Prediction and Motion Vector Cost Reduction during Fast Block Motion Estimation in MCTF,https://publications.waset.org/6910/motion-prediction-and-motion-vector-cost-reduction-during-fast-block-motion-estimation-in-mctf,2010
다중해상도알고리즘을이용한고속움직임정합,https://www.dbpia.co.kr/Journal/articleDetail?nodeId=NODE06536557,2007
A new motion compensation on a wavelet transform domain,https://ieeexplore.ieee.org/abstract/document/899312/,2000
Multiple initial point prediction based search pattern selection for fast motion estimation,https://www.sciencedirect.com/science/article/pii/S0031320308003269,2009
Video Compression Using EZW and FSBM,https://www.academia.edu/download/83251428/ijsrp-p1048.pdf,2012
변형된비용함수를이용한움직임추정기법,https://kiss.kstudy.com/DetailOa/Ar?key=53859602,1998
Evaluation of Optical Flow for Estimation of Liquid Glass Flow Velocity,https://www.diva-portal.org/smash/record.jsf?pid=diva2:1592777,2021
Introduction to video compression,https://link.springer.com/chapter/10.1007/978-3-642-14703-6_1,2011
Diamond Search Optimization-Based Technique for Motion Estimation in Video Compression.,https://search.ebscohost.com/login.aspx?direct=true&profile=ehost&scope=site&authtype=crawler&jrnl=15483673&AN=161698392&h=TrcogEafonlXRJJEk3XUUS%2BFiK%2Fd0LlfVaPWwRPaHB0rfg5rS8CUUiQVOfAndp2GKGopvqoJgUdN0B7Rra6iaw%3D%3D&crl=c,2023
Shape-Adaptive Motion Estimation Algorithm for MPEG-4 Video Coding,https://arxiv.org/abs/1002.1168,2010
Swine influenza models based optimization (SIMBO),https://www.sciencedirect.com/science/article/pii/S1568494612003109,2013
An advanced center biased three step search algorithm for motion estimation,https://ieeexplore.ieee.org/abstract/document/869553/,2000
Modifying ARPS method by use of global motion information for fast and precise motion estimation,https://ieeexplore.ieee.org/abstract/document/7397517/,2015
Motion Estimation and Compensation using Video Object Tracking,http://pe.org.pl/articles/2013/2b/55.pdf,-1
Video compression by memetic algorithm,https://citeseerx.ist.psu.edu/document?repid=rep1&type=pdf&doi=87075ab031b1a41a6872b8ece371d1b124855020#page=154,2011
Implementation of motion estimation IP core for MPEG encoder,https://citeseerx.ist.psu.edu/document?repid=rep1&type=pdf&doi=4dd6e20d122781819d6e0149a383e8eecd2c5716,2001
Adaptation of Motion Estimation Algorithms for Real Time Video Sequences,https://ieeexplore.ieee.org/abstract/document/8460429/,2018
An investigation of block searching algorithms for video frame codecs,https://arrow.tudublin.ie/schmuldistoth/1/,2008
一种新型陀螺动态漂移检测系统的设计,,2004
Block-based motion estimation in video frames using artificial neural networks: a selective review,https://www.researchgate.net/profile/Krishan-Kumar-51/publication/298789160_Block-based_Motion_Estimation_in_Video_Frames_using_Artificial_Neural_Networks_A_Selective_Review/links/630f1af75eed5e4bd1339c02/Block-based-Motion-Estimation-in-Video-Frames-using-Artificial-Neural-Networks-A-Selective-Review.pdf,2016
Faculty Vitae,https://www.mu.edu.sa/sites/default/files/content/2017/06/sammeh_0.pdf,2011
Enhancing the Performance of H. 264/AVC in Adaptive Group of Pictures Mode Using Octagon and Square Search Pattern,https://www.academia.edu/download/89731176/pdf.pdf,2015
Parallel bacterial foraging optimization for video compression,https://citeseerx.ist.psu.edu/document?repid=rep1&type=pdf&doi=19ccd555ffc0e4c8e7b1c673d414df67c832dc52,2009
Motion estimation using a one-dimensional gradient descent search,https://ieeexplore.ieee.org/abstract/document/845006/,2000
Low level visio-temporal features for violence detection in cartoon videos,https://ieeexplore.ieee.org/abstract/document/7845111/,2016
GRASP CONFIGURATION MATCHING-Using Visual and Tactile Sensor Information,https://www.scitepress.org/Papers/2007/16334/,2007
A novel fast motion estimation algorithm based on starting search point prediction,https://ieeexplore.ieee.org/abstract/document/5203309/,2009
Motion estimation algorithm using block-matching and harmony search optimization,https://link.springer.com/chapter/10.1007/978-3-319-57813-2_2,2017
An efficient inter-block/inter-frame search algorithm for block motion estimation,https://ieeexplore.ieee.org/abstract/document/913421/,2000
Dynamic search-range control algorithm for fast interframe coding in scalable video coding,https://www.spiedigitallibrary.org/journals/Optical-Engineering/volume-48/issue-9/097002/Dynamic-search-range-control-algorithm-for-fast-interframe-coding-in/10.1117/1.3212684.short,2009
Fast motion estimation for video coding,https://dr.ntu.edu.sg/handle/10356/3158,2005
Distributed video coding based on compressive sensing and intra-predictive coding,https://ieeexplore.ieee.org/abstract/document/8282307/,2017
Prediction Structures for Multiview Video Coding,http://www.ijecce.org/administrator/components/com_jresearch/files/publications/IJECCE_1850_Final.pdf,2013
Analysis of block matching motion estimation algorithms,https://ieeexplore.ieee.org/abstract/document/6726718/,2013
A locality-aware cooperative cache management protocol to improve network file system performance,https://ieeexplore.ieee.org/abstract/document/1648829/,2006
An efficient field programmable gate array based hardware architecture for efficient motion estimation with parallel implemented genetic algorithm,https://onlinelibrary.wiley.com/doi/abs/10.1002/cpe.6459,2021
Experimental setup for evaluating the accuracy of markerless human motion estimation techniques,https://www.academia.edu/download/30607343/Experimental_20setup_20for_20evaluating_20the_20accuracy_20of_20markerless_20human_20motion_20estimation_20techniques.pdf,2004
Algorithmic and architectural co-design of a motion-estimation engine for low-power video devices,https://ieeexplore.ieee.org/abstract/document/1175446/,2002
Video compression using hybrid hexagon search and teaching–learning-based optimization technique for 3D reconstruction,https://link.springer.com/article/10.1007/s00530-020-00699-w,2021
지하주차장차량추적을위한객체의이동방향추정,https://www.dbpia.co.kr/Journal/articleDetail?nodeId=NODE10532341,2021
Comparison of Block Matching Algorithms for Motion Estimation,https://core.ac.uk/download/pdf/228548640.pdf,-1
ESTIMASI MOTION VECTOR MENGGUNAKAN ALGORITMA BLOCKMATCHING PADA VIDEO ANIMASI KUNO,https://journal.trunojoyo.ac.id/kursor/article/view/9426,2010
A Variable Size Block Matching Based Descriptor for Human Action Recognition,https://jcis.emnuvens.com.br/jcis/article/view/102,2015
Performance analysis of fast block matching motion estimation algorithms,https://citeseerx.ist.psu.edu/document?repid=rep1&type=pdf&doi=b8d93e5a1a49be401fb2b4a6726c2b0f4e406f37,2015
Motion estimation using two-stage predictive search algorithms based on joint spatio-temporal correlation information,https://www.sciencedirect.com/science/article/pii/S0957417411004477,2011
Variable size block matching trajectories for human action recognition,https://link.springer.com/chapter/10.1007/978-3-319-21404-7_21,2015
An architecture of full-search block matching for minimum memory bandwidth requirement,https://ieeexplore.ieee.org/abstract/document/665217/,1998
A low-cost gray prediction search chip for motion estimation,https://ieeexplore.ieee.org/abstract/document/1016825/,2002
Model Free Human Pose Estimation with Application to the Classification of Abnormal Human Movement and the Detection of Hidden Loads,https://vtechworks.lib.vt.edu/items/7e0e3850-8bfe-46a2-a88a-94cbefff8d4a,2010
Motion Estimation Algorithms,https://link.springer.com/chapter/10.1007/978-1-4757-4474-3_2,1999
VOTING-BASED MOTION ESTIMATION.,http://www.rebe.rau.ro/RePEc/rau/jisomg/SU20/JISOM%2014.1%202020_82-92.pdf,2020
Block matching algorithms for motion estimation: a performance-based study,https://link.springer.com/chapter/10.1007/978-81-322-2464-8_12,2015
Bidirectional motion estimation via vector propagation,https://ieeexplore.ieee.org/abstract/document/736729/,1998
Block matching algorithm for motion estimation based on Artificial Bee Colony (ABC),https://www.sciencedirect.com/science/article/pii/S1568494612004401,2013
Mixed-state causal modeling for statistical KL-based motion texture tracking,https://www.sciencedirect.com/science/article/pii/S0167865510002035,2010
Non-homogeneous content-driven video-retargeting,https://ieeexplore.ieee.org/abstract/document/4409010/,2007
An efficient algorithm for fast block matching motion estimation using an adaptive threshold scheme,https://link.springer.com/article/10.1007/s11042-020-09040-z,2020
Synthesizable Behavioral Design of a Video Coder,https://www.cin.ufpe.br/~tg/2009-1/vak.pdf,2009
Image restoration for interlaced scan CCD image with space-variant motion blurs,https://www.sciencedirect.com/science/article/pii/S0030399210000071,2010
Edge detection for fast block-matching motion estimation to enhance mean predictive block matching algorithm,https://ieeexplore.ieee.org/abstract/document/6247015/,2012
A new motion Estimation technique for Video Compression,https://ieeexplore.ieee.org/abstract/document/6776184/,2013
一种用于视频超分辨率重建的块匹配图像配准方法,http://www.aas.net.cn/fileZDHXB/journal/article/zdhxb/2011/1/PDF/110105.pdf,2011
Very large‐scale integration architecture for video stabilisation and implementation on a field programmable gate array‐based autonomous vehicle,https://ietresearch.onlinelibrary.wiley.com/doi/abs/10.1049/iet-cvi.2014.0120,2015
Various Fast Block Matching Algorithm for Video Shot Boundary Detection,https://www.academia.edu/download/105189157/25a1897fadb5a135ab92b136337dd8c9ae96.pdf,2013
Model-less and model-based computationally efficient motion estimation for video compression in transportation applications,https://ieeexplore.ieee.org/abstract/document/7470120/,2016
Video super resolution,https://scholar.uwindsor.ca/etd/118/,2009
Hexagonal based search pattern for motion estimation in H. 264/AVC,https://www.academia.edu/download/30987233/Hexagonal_Based_Search_Pattern_for_Motion_Estimation_in_H.264AVC.pdf,2011
Adaptive Hexa-Diamond Search (AHDS) Algorithm for Fast Block Matching Motion Estimation,https://link.springer.com/chapter/10.1007/978-81-322-0740-5_11,2012
Simplified and fast full-pel and sub-pel motion estimation for video coding,https://search.proquest.com/openview/14dde83a6a597623d367e93cadc6cf9f/1?pq-origsite=gscholar&cbl=18750&diss=y,2005
Hybrid Adaptable Search Window with Diamond Pattern,https://www.turcomat.org/index.php/turkbilmat/article/view/2780,2021
Rho-Square Method for Fast Block Matching in Motion Estimation for Video Compression,https://citeseerx.ist.psu.edu/document?repid=rep1&type=pdf&doi=4cb5581e4d16aab0cb84d6d19ab45471f7033be4,2013
A New Fast Bloc Matching Algorithm Using Unsupervised Bayesian Classifier with Bootstrap Gaussian Expectation Maximization Algorithm,https://link.springer.com/article/10.1007/s42979-023-01757-6,2023
低码率视频编码算法的并行性与实时实现,,2001
Automated measurements of fish within a trawl using stereo images from a Camera-Trawl device (CamTrawl),https://www.sciencedirect.com/science/article/pii/S2211122016300251,2016
Comparative analysis of exhaustive search algorithm with ARPS algorithm for motion estimation,https://citeseerx.ist.psu.edu/document?repid=rep1&type=pdf&doi=09a51b0ccf030ff9adc8a295d174c4d977e6c128,2012
Improving medical video coding using multi scale quincunx lattice: From low bitrate to high quality,https://dspace.biruni.edu.tr/xmlui/handle/20.500.12445/2645,2022
Image matching optimization via vision and inertial data fusion: application to navigation of the visually impaired,https://www.worldscientific.com/doi/abs/10.1142/S0219467810003913,2010
Motion Prediction and Motion Vector Cost Reduction during Fast Block Motion Estimation in MCTF,https://citeseerx.ist.psu.edu/document?repid=rep1&type=pdf&doi=cc84feff353349caf466a9c10686f0988d01247e,2010
Implantation optimisée d'estimateurs de mouvement pour la compression vidéo sur plates-formes hétérogènes multicomposants,https://theses.hal.science/tel-00266979/,2007
Block Matching Algorithms Study According to the Video Dynamic,https://www.researchgate.net/profile/Said-Benaissa/publication/282659196_EAAS3_Distributed_Control_Architecture_of_MAS_Robotic_Systems_by_M_El_Bakkali_S_Benaissa_S_Tallal_A_Sayouti_H_Medromi_Vol_8_n_3_pp_863-867/links/56a4f94908aef91c8c14c7ae/EAAS3-Distributed-Control-Architecture-of-MAS-Robotic-Systems-by-M-El-Bakkali-S-Benaissa-S-Tallal-A-Sayouti-H-Medromi-Vol-8-n-3-pp-863-867.pdf#page=127,2013
Adaptive Rood Algorithm for Motion compensation in video streams.,https://search.ebscohost.com/login.aspx?direct=true&profile=ehost&scope=site&authtype=crawler&jrnl=09765697&AN=78237559&h=swUHhCiBMBaGm4kpzCuAgr94IzXOcAkbr%2B7sK1YRpHnfMj%2BPhdxYmm0WfztedXgxMRnFWZQyjRhr%2FCIiRjDy3A%3D%3D&crl=c,2011
Motion Estimation and Compensation using Video Object Tracking,https://www.infona.pl/resource/bwmeta1.element.baztech-2becdbf1-e74d-4440-8055-5cb077222a93,2013
基于信号相似的运动估计及其在图像稳定中的应用,,2006
Short Boundary Detection Using Spatial-Temporal Features,https://link.springer.com/chapter/10.1007/978-3-319-32467-8_84,2016
H. 264 Based Video Compression Pranob K Charles,https://citeseerx.ist.psu.edu/document?repid=rep1&type=pdf&doi=032eaefe3c5af778e864cebfcaf0fdd13b568b6e#page=368,-1
Wireless capsule endoscopy color video segmentation,https://ieeexplore.ieee.org/abstract/document/4530644/,2008
H. 264 motion estimation and motion compensation,https://scholarworks.calstate.edu/downloads/kd17ct01m,2011
基于运动估计的模糊图像盲复原,,2012
A Review on Comparative Analysis of Block Matching Algorithm,https://citeseerx.ist.psu.edu/document?repid=rep1&type=pdf&doi=484ee21b26e4d3fa3ee9a200e42b48d86ad69249,-1
An algorithm and a flexible architecture for fast block-matching motion estimation,https://search.ieice.org/bin/summary.php?id=e85-a_12_2603,2002
Upgrade Video Tracking Technique Using Enhanced Hybrid Cat Swarm Optimization Based on Multi Target Model and Accumulated Histogram,https://www.ingentaconnect.com/contentone/asp/jctn/2015/00000012/00000011/art00003,2015
Şekil eşlemeye dayalı nesne takibi yöntemi kullanarak video kodlama,https://dspace.ankara.edu.tr/items/7cf6dac1-c609-43aa-add9-0e0c9977b183,2010
"Soft Computing Applied to Optimization, Computer Vision and Medicine",https://search.proquest.com/openview/e37247a4adec17feabf2185fae8964c8/1?pq-origsite=gscholar&cbl=2026366&diss=y,2019
A smart motion estimation paradigm for real-time video coding,https://search.proquest.com/openview/c86bfeae4171e75a34cd78b728f1f656/1?pq-origsite=gscholar&cbl=18750,2007
Content-aware fast motion estimation algorithm for IoT based multimedia service,https://journals.sagepub.com/doi/abs/10.1155/2015/715651,2015
Development of Plane Stress-Strain Analysis Software for Mechanics of Material,,2016
Deep image and video compression,https://scholar.sun.ac.za/handle/10019.1/108155,2020
A fuzzy search block-matching chip for motion estimation,https://www.sciencedirect.com/science/article/pii/S0167926002000469,2002
Preliminary study of block matching algorithm (bma) for video coding,https://ieeexplore.ieee.org/abstract/document/5937163/,2011
An effective algorithm for motion estimation of human faces,https://ieeexplore.ieee.org/abstract/document/7457923/,2015
视频编码中基于时空信息运动估计的研究,,2002
A fast three-step search algorithm with minimum checking points using unimodal error surface assumption,https://ieeexplore.ieee.org/abstract/document/713175/,1998
Lossy and lossless video frame compression: A novel approach for high-temporal video data analytics,https://www.mdpi.com/2072-4292/12/6/1004,2020
MOTION ESTIMATION and COMPENSATION for VIDEO OBJECTS,https://www.researchgate.net/profile/Mohamed-Mourad-Lafifi/post/How-to-apply-Bin-Packing-across-multiple-iterations/attachment/59d649fa79197b80779a45f0/AS%3A473320257789952%401489859751397/download/Proceedings+of+the+11th+International+Conference_KTTO2011_July2011.pdf#page=59,-1
A hierarchical algorithm with fast convergence spiral search pattern for block matching in motion estimation,https://www.inderscienceonline.com/doi/abs/10.1504/IJCVR.2016.079402,2016
基于Windows CE 平台的汉语学习系统,,2009
Realistic application driven comprehensive visual target detection and tracking systems,https://search.proquest.com/openview/2c42a5b632b70bbdc15c92b797d08f1c/1?pq-origsite=gscholar&cbl=18750,2009
A Two-Stage Fast Block Matching Algorithm Using Mean Absolute Error of Neighbor Search Point,https://koreascience.kr/article/JAKO200027543162093.pdf,2000
Block-matching algorithm based on harmony search optimization for motion estimation,https://link.springer.com/article/10.1007/s10489-012-0403-7,2013
An efficient blocking-matching algorithm based on fuzzy reasoning,https://ieeexplore.ieee.org/abstract/document/915349/,2001
An adaptive block motion estimation algorithm based on spatio-temporal correlation,https://ieeexplore.ieee.org/abstract/document/1598476/,2006
Motion estimation using an efficient four-step search method,https://ieeexplore.ieee.org/abstract/document/698798/,1998
Optimization techniques for block based motion estimation in video coding,https://search.proquest.com/openview/902415e17c107cb21ab3a6bfe756b62e/1?pq-origsite=gscholar&cbl=18750&diss=y,2001
Estimation de mouvement robuste et de faible complexité dans les séquences vidéo,https://citeseerx.ist.psu.edu/document?repid=rep1&type=pdf&doi=f531b5d46b42705fa24e2a51cb972e79334249d9,2007
영상동영상에서의효율적인비사실적렌더링,https://koreascience.kr/article/JAKO201228439148831.pdf,2012
An improved depth map estimation method based on motion detection,https://ieeexplore.ieee.org/abstract/document/7372792/,2015
"A Low-Complexity, Sequential Video Compression Scheme Using Frame Differential Directional Filter Bank Decomposition in CIE La*b* Color Space",https://ieeexplore.ieee.org/abstract/document/7992999/,2017
"Fast block-matching algorithm using threshold-based half stop, cross search, and partial distortion elimination",https://www.spiedigitallibrary.org/conference-proceedings-of-spie/3974/0000/Fast-block-matching-algorithm-using-threshold-based-half-stop-cross/10.1117/12.383023.short,2000
POC-guided are matching algorithm for video encoding,https://ieeexplore.ieee.org/abstract/document/5548740/,2010
An Efficient Block Matching Algorithm for Fast Motion Estimation Using Combined Simple and Efficient Search (SES) and Three Step Search (TSS) Algorithm,https://www.academia.edu/download/64408886/an-efficient-block-matching-algorithm-for-IJERTV3IS050604.pdf,2014
运动估计协处理器的设计,,2002
1 Optical Flow Estimation,https://citeseerx.ist.psu.edu/document?repid=rep1&type=pdf&doi=d95940b49705ed9fcb4b3763ea04487449d9d54f,-1
预测三步搜索算法在视频压缩中的应用,,2005
On video completion: line scratch detection in films and video inpainting of complex scenes,https://theses.hal.science/tel-01136253/,2014
A fast full search block matching algorithm using three window search based on the statistical analysis of the motion vectors,https://ieeexplore.ieee.org/abstract/document/996826/,2002
Block matching algorithm for moving object detection in video forensic,https://ieeexplore.ieee.org/abstract/document/8075330/,2017
Vector-tracing algorithms for motion estimation in large search windows,https://ieeexplore.ieee.org/abstract/document/889037/,2000
Underwater video streaming using adaptive frame decimation,https://ieeexplore.ieee.org/abstract/document/6964355/,2014
Real-time video coding,https://ieeexplore.ieee.org/abstract/document/793427/,1999
"Influences of high-level features, gaze, and scene transitions on the reliability of BOLD responses to natural movie stimuli",https://journals.plos.org/plosone/article?id=10.1371/journal.pone.0161797,2016
A grey prediction motion estimator for digital image processing,https://ieeexplore.ieee.org/abstract/document/813205/,1999
一种改进的完全搜索块匹配算法,https://www.researching.cn/ArticlePdf/m00018/2004/33/4/388.pdf,2004
Improved normalized partial distortion search with dual-halfway-stop for rapid block motion estimation,https://ieeexplore.ieee.org/abstract/document/4276721/,2007
Enhanced modified orthogonal search for motion estimation,https://ieeexplore.ieee.org/abstract/document/6069440/,2011
Sensor-aided block matching algorithm for translational motion estimation through a depth map,https://arxiv.org/abs/2001.11829,2020
Pattern Based Motion Estimation using Zero Motion Pre-judgement and Quantum behaved Particle Swarm Optimization,https://ph01.tci-thaijo.org/index.php/saujournalst/www.tci-thaijo.org/index.php/ecticit/issue/download/7324/513#page=94,2017
Motion Estimation in Video Compression and Soft Computing Techniques.,https://search.ebscohost.com/login.aspx?direct=true&profile=ehost&scope=site&authtype=crawler&jrnl=09765697&AN=66863119&h=GbGwJOmOu2pRLrk0yeaAYgH8Pd8eibFfvopsCGWoaYukTJpyrXewiz%2BcF16Vp6W432drdGyTDiLXwyMO1fsXWA%3D%3D&crl=c,2011
Motion estimation for gray level videos using different block matching algorithms,https://www.iasj.net/iasj/download/9305376100de0b82,2021
Cross-search-based fast new three-step search motion estimation using temporal correlation (CFNTSS),https://www.spiedigitallibrary.org/conference-proceedings-of-spie/5203/0000/Cross-search-based-fast-new-three-step-search-motion-estimation/10.1117/12.505377.short,2003
The gray prediction search algorithm for block motion estimation,https://ieeexplore.ieee.org/abstract/document/785721/,1999
Content-based video copy detection based on motion vectors estimated using a lower frame rate,https://link.springer.com/article/10.1007/s11760-014-0627-6,2014
Fast motion estimation algorithm in H. 264 standard,http://ethesis.nitrkl.ac.in/4965/,2013
Low-power architectures for video-object coding with low bit-rate applications,https://search.proquest.com/openview/75f1f810d4191f3ebb1ede88f4cc2add/1?pq-origsite=gscholar&cbl=18750&diss=y,2000
Digital image stabilizing algorithms based on bit-plane matching,https://ieeexplore.ieee.org/abstract/document/713172/,1998
Fast full search motion estimation algorithm using various matching scans in video coding,https://ieeexplore.ieee.org/abstract/document/983938/,2001
Efficient hexagonal inner search for fast motion estimation,https://ieeexplore.ieee.org/abstract/document/1529945/,2005
A new search algorithm for block motion estimation,https://ieeexplore.ieee.org/abstract/document/871523/,2000
Efficient video coding in region prediction in online video surveillance,https://search.proquest.com/openview/b9f6d79dcb85c502aec1bed164f8a2a4/1?pq-origsite=gscholar&cbl=1976345,2015
Abdominal parametric perfusion imaging with respiratory motion-compensation based on contrast-enhanced ultrasound: In-vivo validation,https://www.sciencedirect.com/science/article/pii/S0895611117300538,2018
Extending lossless image compression,http://www.cl.cam.ac.uk/techreports/UCAM-CL-TR-526.html,2001
A novel search method based on artificial bee colony algorithm for block motion estimation,https://link.springer.com/article/10.1186/s13640-017-0214-1,2017
Modified Adaptive Predict Hexagon Based Search Motion Estimation Algorithm,http://thenucleuspak.org.pk/index.php/Nucleus/article/view/446,2018
Moving objects detection in thermal scene videos using unsupervised Bayesian classifier with bootstrap Gaussian expectation maximization algorithm,https://link.springer.com/article/10.1007/s11042-023-15849-1,2024
An optimized block matching algorithm for motion estimation using logical image,https://ieeexplore.ieee.org/abstract/document/7148546/,2015
An efficient fast full search block matching algorithm using FFT algorithms,https://www.academia.edu/download/107070134/200603B17.pdf,2006
A motion vector search algorithm based on a simple search-block interpolation scheme,https://search.ieice.org/bin/summary.php?id=e87-b_2_384,2004
Fast motion estimation using feature extraction and XOR operations,https://www.spiedigitallibrary.org/proceedings/Download?urlId=10.1117%2F12.304669,-1
A novel Block Matching Algorithmic Approach with smaller block size for motion vector estimation in video compression,https://ieeexplore.ieee.org/abstract/document/6416617/,2012
Prediction of tropical cyclogenesis in North Indian Ocean using Oceansat-2 scatterometer (OSCAT) winds,https://link.springer.com/article/10.1007/s00703-012-0230-8,2013
A new method for the optical flow estimation and segmentation of moving objects' NMES',https://www.inderscienceonline.com/doi/abs/10.1504/IJISTA.2018.091600,2018
A fast motion estimation algorithm for MPEG2 video using ripple-shaped search,https://ieeexplore.ieee.org/abstract/document/779978/,1999
A fast full-search motion-estimation algorithm using representative pixels and adaptive matching scan,https://ieeexplore.ieee.org/abstract/document/875508/,2000
An Advanced Center Biased Search Algorithm for Block Motion Estimation,https://search.ieice.org/bin/summary.php?id=e85-d_3_580,2002
RFID Localization Improved by Motion Segmentation in Multimedia Surveillance Systems,https://link.springer.com/chapter/10.1007/978-3-642-41512-8_6,2013
Reduction of video compression artifacts based on deep temporal networks,https://ieeexplore.ieee.org/abstract/document/8502045/,2018
Fast-adaptive rood pattern search for block motion estimation,https://digital-library.theiet.org/content/journals/10.1049/el_20051507,2005
Determination of normal or abnormal gait using a two-dimensional video camera,https://vtechworks.lib.vt.edu/items/0bf526ca-5232-4be4-ac4c-d5a55273ed94,2007
"Latest trends, applications and innovations in motion estimation research",https://citeseerx.ist.psu.edu/document?repid=rep1&type=pdf&doi=3d4cc51b0e63af94a8e815c14e31809a7fe21f21,2011
A fast three step search algorithm with minimum checking points,https://ieeexplore.ieee.org/abstract/document/678284/,1998
Low complexity block motion estimation using morphological-based feature extraction and XOR operations,https://www.spiedigitallibrary.org/journals/Journal-of-Electronic-Imaging/volume-9/issue-2/0000/Low-complexity-block-motion-estimation-using-morphological-based-feature-extraction/10.1117/1.482732.short,2000
A low-power design of motion estimation blocks for low bit-rate wireless video communications,https://vtechworks.lib.vt.edu/items/0863052d-1427-439f-82ab-b345e3292ecd,2001
A methodology to develop computer vision systems in civil engineering: Applications in material testing and fish tracking,https://ruc.udc.es/dspace/handle/2183/11931,2014
Using Lucas-Kanade Algorithms to Measure Human Movement,https://link.springer.com/chapter/10.1007/978-981-13-5992-7_10,2019
Block matching algorithms for load test evaluation,https://www.researchgate.net/profile/Jose-Fonseca-6/publication/241489746_Block_Matching_Algorithms_for_Load_Tests_Evaluation/links/54745ab00cf29afed60f79e6/Block-Matching-Algorithms-for-Load-Tests-Evaluation.pdf,2012
"System, method and a computer readable medium for providing an output image",https://patents.google.com/patent/USRE47534E1/en,2019
Fast directional search algorithm for fractional pixel motion estimation for H. 264 AVC,https://www.spiedigitallibrary.org/journals/journal-of-electronic-imaging/volume-22/issue-3/033018/Fast-directional-search-algorithm-for-fractional-pixel-motion-estimation-for/10.1117/1.JEI.22.3.033018.short,2013
Motion estimation using learning automata,https://link.springer.com/article/10.1007/s00138-016-0788-0,2016
Motion Estimation and Registration of B-Mode Ultrasound Images for Improved Visualisation,https://repository.library.carleton.ca/concern/etds/bv73c124w,2014
Quantitative assessment of human motion capabilities with passive vision monitoring,https://search.proquest.com/openview/4aeae360af6fe515614922c3f73e331e/1.pdf?pq-origsite=gscholar&cbl=18750,2013
序列图像相关性分析与自适应运动估计,,2006
航摄动态图像序列稳定技术仿真研究,,2004
An improved block matching algorithm for motion estimation in video sequences and application in robotics,https://www.sciencedirect.com/science/article/pii/S0045790617311928,2018
Temporal compressive super-resolution microscopy at frame rate of 1200 frames per second and spatial resolution of 100 nm,https://www.spiedigitallibrary.org/journals/advanced-photonics/volume-5/issue-2/026003/Temporal-compressive-super-resolution-microscopy-at-frame-rate-of-1200/10.1117/1.AP.5.2.026003.short,2023
"Szenenadaptive, parallele Codierung von hochaufgel osten Videosequenzen unter Ber ucksichtigung der Wahrnehmungsphysiologie",http://www.dirk-farin.net/publications/data/DIPL-1678.ps.gz,-1
A NTSS of 3 Levels Block Matching Algorithm using Multi-Resolution,https://koreascience.kr/article/JAKO200412910496285.page,2004
Information acquisition for city traffic models based on image analysis,https://www.scs-europe.net/conf/ecms2008/ecms2008%20CD/ecms2008%20pdf/ese-ECMS2008_0093.pdf,2008
An Improved Adaptive Cross Pattern Search (IACPS) Algorithm for Block Motion Estimation in Video Compression,https://ieeexplore.ieee.org/abstract/document/4426347/,2007
VLSI Architecture for Fast Three Step Search Algorithm,https://link.springer.com/chapter/10.1007/978-3-319-14376-7_3,2015
Small population based modified parallel particle swarm optimization for motion estimation,https://ieeexplore.ieee.org/abstract/document/4760475/,2008
A novel block matching algorithm based on cat swarm optimization for efficient motion estimation,https://www.researchgate.net/profile/Mustafa-Sabah/publication/316323693_A_Novel_Block_Matching_Algorithm_Based_on_Cat_Swarm_Optimization_for_Efficient_Motion_Estimation/links/58faed424585152edecefe54/A-Novel-Block-Matching-Algorithm-Based-on-Cat-Swarm-Optimization-for-Efficient-Motion-Estimation.pdf,2014
Advances on digital video and visual cryptography,https://search.proquest.com/openview/ceafc84462d4b81297d649af25faa868/1?pq-origsite=gscholar&cbl=18750&diss=y,2004
Cosine-sine modulated filter banks for motion estimation and correction,https://link.springer.com/chapter/10.1007/978-3-319-25903-1_17,2015
Review and comparative study of Motion estimation techniques to reduce complexity in video compression,https://www.academia.edu/download/114823214/review-and-comparative-study-ofmotion-estimation-techniques-toreduce-complexity-in-videocompression.pdf,2013
PERFORMANCE OF A VARIABLE MB AND SEARCH RANGE SIZE IN ADAPTIVE ROOD PATTERN SEARCH (ARPS),https://www.researchgate.net/profile/Faizul-Jamil/amp,2011
Filtered two-bit transform for block based motion estimation,https://ieeexplore.ieee.org/abstract/document/7219860/,2015
Comparison of Different Motion Estimation Algorithms for H. 264 Video Compression,https://www.researchgate.net/profile/Virendra-Malemath/publication/333718479_Comparison_of_Different_Motion_Estimation_Algorithms_for_H264_Video_Compression/links/5d0096fc92851c874c5fb8ac/Comparison-of-Different-Motion-Estimation-Algorithms-for-H264-Video-Compression.pdf,-1
Performance analysis of block matching algorithms for highly scalable video compression,https://ieeexplore.ieee.org/abstract/document/4290669/,2006
A fast predictive block matching motion estimation algorithm based on spatio temporal correlation information,https://www.spiedigitallibrary.org/conference-proceedings-of-spie/5909/59091Y/A-fast-predictive-block-matching-motion-estimation-algorithm-based-on/10.1117/12.615803.short,2005
"Real-time parking slot availability for Bhavnagar, using statistical block matching approach",https://www.emerald.com/insight/content/doi/10.1108/WJE-09-2019-0263/full/html,2020
One-point hexagonal inner search for fast motion estimation,https://link.springer.com/chapter/10.1007/11595755_49,2005
Long-rood motion estimation algorithm based on starting search point prediction,https://ieeexplore.ieee.org/abstract/document/5213777/,2009
Adaptive reversible video watermarking based on motion-compensated prediction error expansion with pixel selection,https://link.springer.com/article/10.1007/s11760-016-0881-x,2016
The SURE-LET approach to image denoising,https://infoscience.epfl.ch/record/142014,2010
The Study of Comparison of DCT-based H. 263 Quantizer for Computative Quantity Reduction,https://koreascience.kr/article/JAKO200828939697904.page,2008
Survey on block-based motion estimation for frame rate conversion,https://www.spiedigitallibrary.org/conference-proceedings-of-spie/11179/111794N/Survey-on-block-based-motion-estimation-for-frame-rate-conversion/10.1117/12.2540335.short,2019
"Efficient and adaptive three-step search (EATSS) algorithm using adaptive search strategy, unequal subsampling, and partial distortion elimination",https://www.spiedigitallibrary.org/conference-proceedings-of-spie/3808/0000/Efficient-and-adaptive-three-step-search-EATSS-algorithm-using-adaptive/10.1117/12.365866.short,1999
A novel block matching algorithm for motion vector estimation,https://ieeexplore.ieee.org/abstract/document/5291388/,2009
Survey on block matching algorithms for motion estimation,https://ieeexplore.ieee.org/abstract/document/6949794/,2014
Fast motion estimation for shape coding in MPEG-4,https://ieeexplore.ieee.org/abstract/document/1198359/,2003
A hybrid video compression based on zero tree wavelet structure,https://citeseerx.ist.psu.edu/document?repid=rep1&type=pdf&doi=3b19a241e62c4e34b9826db1873af3faf0cd91d8,2009
Block-matching algorithm based on differential evolution for motion estimation,https://www.sciencedirect.com/science/article/pii/S0952197612002047,2013
Fast search techniques for video motion estimation and vector quantization,https://search.proquest.com/openview/fac6d66dd8991a0fce796ca667be860e/1?pq-origsite=gscholar&cbl=18750&diss=y,1998
Prediction of tropical cyclogenesis using scatterometer data,https://ieeexplore.ieee.org/abstract/document/5871316/,2011
A variable size block matching based descriptor for human action recognition,http://www.gcg.ufjf.br/pub/doc106.pdf,2015
Improved Logarithmic Search for Efficient Video Compression,https://www.academia.edu/download/99703488/F8799088619.pdf,-1
Study on Low Bit-Rate Distributed Compressive Video Sensing,https://niigata-u.repo.nii.ac.jp/?action=repository_action_common_download&item_id=5968&item_no=1&attribute_id=20&file_no=1,2017
Development of Motion Analysis Software for Dynamics Education,,2015
A power-scalable motion estimation architecture for energy constrained applications,https://link.springer.com/chapter/10.1007/978-3-540-45234-8_69,2003
Enhanced hexagonal search for fast block motion estimation,https://ieeexplore.ieee.org/abstract/document/1336869/,2004
A new scheme of distributed video coding based on compressive sensing and intra-predictive coding,https://search.ieice.org/bin/summary.php?id=e100-d_9_1944,2017
A Theoretical Study of Fast Motion Estimation Search Algorithms,https://citeseerx.ist.psu.edu/document?repid=rep1&type=pdf&doi=512b0ac4d0ff82ff526b8014ffb77e989e13af04#page=213,-1
An automated algorithm for approximation of temporal video data using linear b'ezier fitting,https://arxiv.org/abs/1005.5613,2010
A survey on video compression fast block matching algorithms,https://www.sciencedirect.com/science/article/pii/S092523121831261X,2019
A Study of the Evolution of Video Codec and its Future Research Direction,https://ieeexplore.ieee.org/abstract/document/9339513/,2020
A fast multi-resolution block matching algorithm and its LSI architecture for low bit-rate video coding,https://ieeexplore.ieee.org/abstract/document/974683/,2001
A comparative approach for block matching algorithms used for motion estimation,https://search.proquest.com/openview/72452a3d3c3c4a26ccdd70ae61d0df97/1?pq-origsite=gscholar&cbl=55228,2014
An efficient motion estimation algorithm using division mechanism of low and high motion zone,https://ieeexplore.ieee.org/abstract/document/6526402/,2013
Plant Tracer: A Program to Track and Quantify Plant Movement from Cellphone Captured Time-Lapse Movies.,https://eric.ed.gov/?id=EJ1244760,2019
Sport video classification using an ensemble classifier,https://ieeexplore.ieee.org/abstract/document/6121538/,2011
基于视频压缩的多分辨率预测菱形搜索算法,,2007
System and methods for video compression mode decisions,https://patents.google.com/patent/US7317759B1/en,2008
Background and Literature Survey,https://link.springer.com/chapter/10.1007/978-3-319-14376-7_2,2015
"Fast motion estimation using UESA, threshold-half-stop and adaptive partial sum scan from gradient magnitude",https://ieeexplore.ieee.org/abstract/document/780203/,1999
A comparison of different block matching algorithms for motion estimation,https://www.sciencedirect.com/science/article/pii/S2212017313003356,2013
Morphological Filter Based Correlation Matching Tracking Algorithm,https://www.infona.pl/resource/bwmeta1.element.elsevier-5c3bbcb3-47fe-3ac1-a973-cf5f14166031,2011
一种改进的相机全局运动估计方法,,2009
Video dizilerinde kenar bulma algoritması ile öbek eşleme yöntemine dayalı hareket kestirimi,https://dspace.ankara.edu.tr/items/3a5dbd30-64d0-4749-a01a-173d7d938a60,2010
An Adaptive Multi Pattern Scheme for Fast Block Motion Estimation,https://link.springer.com/chapter/10.1007/978-3-540-69848-7_80,2008
Optimized Noninvasive Monitoring of Thermal Changes on Digital B‐Mode Renal Sonography During Revascularization Therapy,https://onlinelibrary.wiley.com/doi/abs/10.7863/jum.2009.28.11.1535,2009
Shot Boundary Detection Using Motion Information in Macro Blocks,https://citeseerx.ist.psu.edu/document?repid=rep1&type=pdf&doi=79554f431e27df5c2e43c7f4d5957c6fb6b202b6,2013
Perception and Motion: use of Computer Vision to solve Geometry Processing problems,https://iris.unica.it/handle/11584/266141,2012
New sorting-based lossless motion estimation algorithms and a partial distortion elimination performance analysis,https://ieeexplore.ieee.org/abstract/document/1390996/,2005
Adaptive motion tracking block matching algorithms for video coding,https://ieeexplore.ieee.org/abstract/document/795056/,1999
Efficient bat-inspired block matching algorithm with novel motion energy directional histograms for dynamic texture fast recognition,https://link.springer.com/article/10.1007/s11042-023-16295-9,2024
Enhanced computation time for fast block matching algorithm,https://ieeexplore.ieee.org/abstract/document/6149995/,2011
A power-scalable motion estimation coprocessor for energy constrained applications,https://ieeexplore.ieee.org/abstract/document/1224949/,2003
An Efficient Predictive and Intelligent based Motion Estimation in Video Coding,https://ieeexplore.ieee.org/abstract/document/8976754/,2019
분할블록OBMC 와개선된적응가중중간값필터를이용한프레임률증가기법,https://www.dbpia.co.kr/Journal/articleDetail?nodeId=NODE09307647,2019
Resource management system for a broadband multipoint bridge,https://ieeexplore.ieee.org/abstract/document/534957/,1996
Design and implementation of real‐time software‐based H. 261 video codec,https://onlinelibrary.wiley.com/doi/abs/10.1002/ima.10013,2002
Güncel Hareket Kestirim Algoritmalarının Başarımlarının Karşılaştırılması,http://www.angelfire.com/electronic/ilkerkilic/publications/siu2001ref263.doc,-1
Video Coding: Comparison of Block Matching Techniques In Motion Estimation,http://utpedia.utp.edu.my/id/eprint/7859/1/2004%20-%20Video%20Coding%20Comparison%20of%20Block%20Matching%20Techniques%20In%20Motion%20Estimation.pdf,2004
Integrated tool support in object-based environments,https://ieeexplore.ieee.org/abstract/document/138681/,1990
小波变换用于视频图像压缩研究,,2007
GIẢM THỜI GIAN MÃ HÓA CHO CHUẨN NÉN VIDEO HEVC DỰA TRÊN VIỆC CẢI TIẾN THUẬT TOÁN TÌM KIẾM TZ: Array,https://jstic.ptit.edu.vn/jstic-ptit/index.php/jstic/article/view/506,2021
Studies on Hardware/Software Codesign Methodology for Video Encoders ビデオエンコーダを対象としたハードウェア/ソフトウェア協調設計方法に関する研究,https://citeseerx.ist.psu.edu/document?repid=rep1&type=pdf&doi=abb365396568a540a60ee1ec99ae17f0e549b2eb,2003
Modified Rho-Square Method for Very Fast Block Matching in Motion Estimation for Video Compression,https://ieeexplore.ieee.org/abstract/document/6918879/,2013
“Department of Electrical and Computer Engineering,https://www.mics.ece.vt.edu/content/dam/mics_ece_vt_edu/Research/Publications/ByFaculty/Papers/Ha/00iscas.pdf,-1
An Improved Diamond Search Pattern for Motion Estimation,https://imanagerpublications.com/assets/htmlfiles/JPR3(3)Sep-Nov201612407.html,2016
Robust single-photon counting imaging with spatially correlated and total variation constraints,https://opg.optica.org/abstract.cfm?uri=oe-28-2-2625,2020
A parallel architectural implementation of the fast three step search algorithm for block motion estimation,https://ieeexplore.ieee.org/abstract/document/4632849/,2008
一种MPEG 快速搜索算法,,2002
Motion analysis for image sequence coding,https://www.infona.pl/resource/bwmeta1.element.baztech-article-BAT5-0010-0070,2006
Sobol partial distortion algorithm for fast full search in block motion estimation,https://link.springer.com/chapter/10.1007/978-3-7091-6103-6_10,2002
Block matching algorithm (BMA) of the hybrid adaptive rood pattern search (ARPS) based on its motion speed,https://www.ingentaconnect.com/contentone/asp/asl/2017/00000023/00000011/art00198,2017
Vision-based smoke detection algorithm for early fire recognition in digital video recording system,https://ieeexplore.ieee.org/abstract/document/6120651/,2011
Interlaced scan CCD image motion deblur for space-variant motion blurs,https://www.sciencedirect.com/science/article/pii/S0030402610002330,2011
High Performances Block Matching Algorithms for Motion Estimation,https://www.academia.edu/download/32122130/D0262028.pdf,-1
A new speed-based adaptive motion estimation algorithm for video sequences,https://ieeexplore.ieee.org/abstract/document/7015081/,2014
"Motion Vector Estimation Search using Hexagon-Diamond Pattern for Video Sequences, Grid Point and Block-Based",https://ijssst.info/Vol-11/No-2/paper7.pdf,2010
Polarization prior to single-photon counting image denoising,https://opg.optica.org/abstract.cfm?uri=oe-29-14-21664,2021
A Unified Framework for Analysis of MPEG-4 Algorithms and CODEC Development,https://ieeexplore.ieee.org/abstract/document/5367917/,2009
Block based Motion Estimation using Octagon and Square Pattern,https://www.academia.edu/download/92811519/ijsip.2014.7.4.pdf,2014
Background Subtraction in Videos using Bayesian Learning with Motion Information.,https://www.academia.edu/download/102818269/28.pdf,2008
Segmentation of fetal left ventricle in echocardiographic sequences based on dynamic convolutional neural networks,https://ieeexplore.ieee.org/abstract/document/7744576/,2016
Video compression and decompression using adaptive rood pattern search,https://scholars.csus.edu/view/delivery/01CALS_USL/12232548000001671/13232730460001671,2010
Motion Estimation Based on Artificial Bee Colony (ABC),https://link.springer.com/chapter/10.1007/978-3-319-26462-2_3,2016
Shape-Adaptive Motion Estimation Algorithm for MPEG-4 Video Coding,https://www.academia.edu/download/51212360/Shape-Adaptive_Motion_Estimation_Algorit20170105-3370-13juw4y.pdf,-1
Motion estimation in video coding using simplified optical flow technique.,"http://www.ccis2k.org/iajit/PDF/%20Vol%2013,%20No.%206A%20(Special%20Issue)/7913.pdf",2016
PlantTracing: Tracing Arabidopsis Thaliana Apex with CenterTrack,https://arxiv.org/abs/2405.11351,2024
Performance analysis of predictive motion field segmentation and overlapped block matching for video compression,https://www.academia.edu/download/64406732/performance-analysis-of-predictive-motion-field-segmentation-and-overlapped-block-matching.pdf,2012
Luminance Compensation MEMC for Video Frame Interpolation,https://ieeexplore.ieee.org/abstract/document/9953108/,2022
Phase-correlation guided area matching for realtime vision and video encoding,https://link.springer.com/article/10.1007/s11554-012-0243-z,2014
Tropical cyclogenesis prediction in the north Indian ocean during 2013 using OSCAT derived surface wind observations,https://link.springer.com/chapter/10.1007/978-3-319-40576-6_14,2017
A novel kite cross hexagonal search algorithm for fast block motion estimation,https://iopscience.iop.org/article/10.1088/1742-6596/1804/1/012026/meta,2021
A center-biased hybrid search method using plus search pattern for block motion estimation,https://ieeexplore.ieee.org/abstract/document/858750/,2000
Novel block motion estimation based on adaptive search patterns,https://search.ieice.org/bin/summary.php?id=e89-d_4_1586,2006
A real-time simple light detection application for a flying robot in extreme noise and interference,https://journals.sagepub.com/doi/abs/10.1177/0954410013514508,2014
Adaptive matching scan algorithm based on gradient magnitude for fast full search in motion estimation,https://ieeexplore.ieee.org/abstract/document/793593/,1999
Optische Raumüberwachung,https://duepublico2.uni-due.de/servlets/MCRFileNodeServlet/duepublico_derivate_00005041/santosdiss.pdf,2001
A Fast Adaptive Rood Pattern Algorithm for Video Compression,http://volume-3-theme-based-issue-11.ijascse.org/Fast_Adaptive_Rood_Pattern_Algorithm.pdf,2014
A pattern-based artificial bee colony algorithm for motion estimation in video compression techniques,https://link.springer.com/article/10.1007/s00034-017-0613-7,2018
Structure from Linear Motion (SfLM): An On-the-Go Canopy Profiling System Based on Off-the-Shelf RGB Cameras for Effective Sprayers Control,https://www.mdpi.com/2073-4395/12/6/1276,2022
Efficient hierarchical motion estimation algorithm and its VLSI architecture,https://ieeexplore.ieee.org/document/4579742/,2008
MPEG-4/H. 264 視訊壓縮標準於嵌入式系統之最佳化研究,https://ir.lib.nycu.edu.tw/handle/11536/44613,2007
Fast motion estimation with search-center prediction,https://www.spiedigitallibrary.org/journals/optical-engineering/volume-40/issue-6/0000/Fast-motion-estimation-with-search-center-prediction/10.1117/1.1367865.short,2001
Mean Predictive Block Matching (MPBM) for fast block-matching motion estimation,https://ieeexplore.ieee.org/abstract/document/6045528/,2011
Quantification of intra-fraction motion in breast radiotherapy using cine EPID images,https://www.cambridge.org/core/journals/journal-of-radiotherapy-in-practice/article/quantification-of-intrafraction-motion-in-breast-radiotherapy-using-cine-epid-images/3A5AB8C09618F76C2B1D8A7D97E5CF65,2024
Low complexity recursive search based motion estimation algorithm for video coding applications,https://ieeexplore.ieee.org/abstract/document/7077917/,2005
"Robust, real time people tracking with shadow removal in open environment",https://ieeexplore.ieee.org/abstract/document/1426767/,2004
Motion adaptive video coding scheme for time‐varying network,https://onlinelibrary.wiley.com/doi/abs/10.1002/dac.2712,2015
ビデオエンコーダーを対象としたハードウェア/ソフトウェア協調設計方法に関する研究,https://waseda.repo.nii.ac.jp/record/17418/files/Gaiyo-3574.pdf,2003
Extracting high-precision full-field displacement from videos via pixel matching and optical flow,https://www.sciencedirect.com/science/article/pii/S0022460X2300353X,2023
Spherical approach: Objects Tracking in Catadioptric System Using The GGD Distribution,https://ieeexplore.ieee.org/abstract/document/9068921/,2019
单纯形块匹配搜索算法改进,,2000
Low Complexity Image Registration Techniques,https://unsworks.unsw.edu.au/entities/publication/efb4a3dc-fd8c-4a17-8f6c-3a9f5459d276/full,2012
Estimation de mouvement par les techniques métaheuristiques,http://thesis.univ-biskra.dz/id/eprint/4494,2019
Compression of video data using parametric line and natural cubic spline block level approximation,https://search.ieice.org/bin/summary.php?id=e90-d_5_844,2007
Motion estimation in video compression based on Artificial Bee Colony,https://ieeexplore.ieee.org/abstract/document/7125007/,2015
Comparison of Different Motion Estimation Algorithms in Video Compression,https://meral.edu.mm/record/4884/files/proceeding_total-pages-293-299.pdf,-1
基于DSP 的运动目标跟踪技术在火控系统中的应用,,2005
"АНАЛИЗ МЕТОДОВ И АЛГОРИТМОВ ОЦЕНКИ ДВИЖЕНИЯ, ИСПОЛЬЗУЕМЫХ В ОПТИЧЕСКИХ СИСТЕМАХ РЕАЛЬНОГО ВРЕМЕНИ",https://colloquium-journal.org/wp-content/uploads/2022/05/Colloquium-journal-2020-65-1.pdf#page=30,2020
Enhanced adaptive threshold algorithm with weighted search points for fast motion estimation,https://link.springer.com/article/10.1007/s41870-022-01067-9,2023
Fast motion estimation algorithm based on spatio-temporal correlation and direction of motion vectors,https://digital-library.theiet.org/content/journals/10.1049/el_20062773,2006
Multi band pass filter based one-bit transforms in motion estimation,https://ieeexplore.ieee.org/abstract/document/7960514/,2017
Content based video copy detection using motion vectors,https://search.proquest.com/openview/cdc2e9f71e52868fc7dce4898e6900ac/1?pq-origsite=gscholar&cbl=2026366&diss=y,2009
一种用于视频修复的块匹配方法,http://www.shcas.net/jsjyup/pdf/2013/9/%E4%B8%80%E7%A7%8D%E7%94%A8%E4%BA%8E%E8%A7%86%E9%A2%91%E4%BF%AE%E5%A4%8D%E7%9A%84%E5%9D%97%E5%8C%B9%E9%85%8D%E6%96%B9%E6%B3%95.pdf,2013
Basic prediction techniques in modern video coding standards,https://link.springer.com/content/pdf/10.1007/978-3-319-39241-7.pdf,2016
Visual Information Retrieval: automatisierte Klassifikation von Snowboardclips,https://repositum.tuwien.at/handle/20.500.12708/14109,2010
Detection of violence in cartoon videos using visual features,https://www.sciencedirect.com/science/article/pii/S1877050921020135,2021
Block Matching using ResNet Features,https://ieeexplore.ieee.org/abstract/document/9978110/,2022
탐색영역에서의움직임특성을이용한고속블록움직임추정,https://kiss.kstudy.com/DetailOa/Ar?key=53170344,2000
New fast and efficient two-step search algorithm for block motion estimation,https://ieeexplore.ieee.org/abstract/document/795049/,1999
Fast block motion estimation algorithm based on motion classification and directional search patterns,https://www.spiedigitallibrary.org/journals/optical-engineering/volume-47/issue-10/107001/Fast-block-motion-estimation-algorithm-based-on-motion-classification-and/10.1117/1.2996335.short,2008
Adjustable SAD matching algorithm using frequency domain,https://link.springer.com/article/10.1007/s11554-007-0026-0,2007
视频序列中运动参数估计方法研究,,2004
Variable Block Size Motion Estimation Algorithms,http://www.gcg.ufjf.br/pub/doc84.pdf,2014
Deep motion estimation for parallel inter-frame prediction in video compression,https://arxiv.org/abs/1912.05193,2019
Smoke and fire detection using 2D and 3D multi-sensor fusion,https://scholar.archive.org/work/dzb57gxbn5exbpygdogvo6y4ca/access/wayback/https://repositum.tuwien.at/bitstream/20.500.12708/8369/2/Moldan%20Herbert%20-%202014%20-%20Smoke%20and%20fire%20detection%20using%202D%20and%203D%20multi-sensor...pdf,2014
A novel fast object tracking method based on hierarchical block matching,https://ieeexplore.ieee.org/abstract/document/7988571/,2017
An efficient gray search algorithm for the estimation of motion vectors,https://ieeexplore.ieee.org/abstract/document/941847/,2001
Video Compression Based On Moving Regions,https://citeseerx.ist.psu.edu/document?repid=rep1&type=pdf&doi=00680a44c39945a72905022d5b214bed39ec74a6,-1
A block matching based method for moving object detection in active camera,https://ieeexplore.ieee.org/abstract/document/6620108/,2013
Fast exhaustive block-based motion vector estimation algorithm using FFT,https://www.researchgate.net/profile/Oulad-Haj-Thami-Rachid/publication/228630120_Fast_Exhaustive_Block-Based_Motion_Vector_Estimation_Algorithm_Using_FFT/links/56e31d6508ae98445c1b2b0a/Fast-Exhaustive-Block-Based-Motion-Vector-Estimation-Algorithm-Using-FFT.pdf,2007
A gray-based block-matching algorithm and its VLSI architecture,https://ieeexplore.ieee.org/abstract/document/822310/,1999
An efficient motion estimation algorithm based on tracing techniques on large search windows,https://ieeexplore.ieee.org/abstract/document/727337/,1998
A fuzzy search algorithm for the estimation of motion vectors,https://ieeexplore.ieee.org/abstract/document/868927/,2000
An improved block-matching algorithm based on chaotic sine-cosine algorithm for motion estimation,https://link.springer.com/chapter/10.1007/978-3-030-01424-7_74,2018
A pentagonal fast block matching algorithm for motion estimation using adaptive search range,https://ieeexplore.ieee.org/abstract/document/1199563/,2003
SURE-LET for orthonormal wavelet-domain video denoising,https://ieeexplore.ieee.org/abstract/document/5430907/,2010
Star diamond: an efficient algorithm for fast block matching motion estimation in H264/AVC video codec,https://link.springer.com/article/10.1007/s11042-014-2428-x,2016
Yüksek Lisans Tezi,http://nek.istanbul.edu.tr:4444/ekos/TEZ/43197.pdf,2008
A very fast edge map-based algorithm for accurate motion estimation,https://link.springer.com/article/10.1007/s11760-021-01896-4,2021
Reduced three steps logarithmic search for motion estimation,https://ieeexplore.ieee.org/abstract/document/7033946/,2014
Enhanced block motion estimation based on distortion-directional search patterns,https://www.sciencedirect.com/science/article/pii/S0167865506000110,2006
Single camera-based vision systems for ground & aerial robots,https://search.proquest.com/openview/64f9b37f50c0171fd6f1a01d78ceecda/1?pq-origsite=gscholar&cbl=18750,2010
Novel block matching algorithm for motion vector estimation,http://lib.buet.ac.bd:8080/xmlui/handle/123456789/1589,2008
Fast Prediction Techniques,https://link.springer.com/chapter/10.1007/978-3-319-39241-7_6,2016
Motion Vectors Estimation for Video Encoding Based on the Macroblock Signatures,https://ieeexplore.ieee.org/abstract/document/9038995/,2020
Block matching algorithms for motion estimation,https://www.researchgate.net/profile/Sp-Immanuel/publication/50235332_A_Study_on_Block_Matching_Algorithms_for_Motion_Estimation/links/54bc96030cf253b50e2d3cae/A-Study-on-Block-Matching-Algorithms-for-Motion-Estimation.pdf,2004
A fast-search motion estimation method,https://ieeexplore.ieee.org/abstract/document/886245/,2000
VLSI architecture for a flexible motion estimation with parameters,https://ieeexplore.ieee.org/abstract/document/994962/,2002
A Comparative Study of Block Matching Optical Flow Algorithms.,https://www.ceeol.com/search/article-detail?id=589022,2017
Methods for Image Reconstruction of Soft Tissue Biomechanical Characteristics Using Ultrasound,https://www.research-collection.ethz.ch/bitstream/handle/20.500.11850/311940/1/PhDThesis_EceOzkanElsen.pdf,2018
Estimation of Moving Direction of Objects for Vehicle Tracking in Underground Parking Lot,https://koreascience.kr/article/JAKO202106763002143.page,2021
AR modeling for temporal extension of correlated sensor network data,https://ieeexplore.ieee.org/abstract/document/4129888/,2006
Frame Rate Up Conversion Method using Partition Block OBMC and Improved Adaptively Weighted Vector Median,https://koreascience.kr/article/JAKO201912937050938.page,2019
A study of efficient Block Matching Algorithms for real-time video compression applications,https://ieeexplore.ieee.org/abstract/document/6892765/,2014
Real-time photogrammetry based on parallel architecture for 3D applications,https://theses.lib.polyu.edu.hk/handle/200/12799,2024
Grey wolf optimizer-based learning automata for solving block matching problem,https://link.springer.com/article/10.1007/s11760-019-01554-w,2020
A fast-search motion estimation method and its VLSI architecture,https://ieeexplore.ieee.org/abstract/document/793714/,1999
Fast Motion Estimation using Adaptive Search Region Prediction,https://koreascience.kr/article/JAKO200828939701190.page,2008
Fast motion estimation using small population-based modified parallel particle swarm optimisation,https://www.tandfonline.com/doi/abs/10.1080/17445760.2010.491478,2011
nofu—a lightweight no-reference pixel based video quality model for gaming content,https://ieeexplore.ieee.org/abstract/document/8743262/,2019
Content aware video manipulation,https://www.sciencedirect.com/science/article/pii/S1077314211001597,2011
Analyse multi résolution pour le traitement d'images sphériques,https://dspace.ummto.dz/items/e97b4505-883c-4f3b-b3c3-f8a08565ca41,2015
Motion Estimation and Compensation in Frequency Domain,https://ieeexplore.ieee.org/abstract/document/8472995/,2018
Benchmarking of several disparity estimation algorithms for light field processing,https://www.spiedigitallibrary.org/conference-proceedings-of-spie/11172/111721C/Benchmarking-of-several-disparity-estimation-algorithms-for-light-field-processing/10.1117/12.2521747.short,2019
一种基于搜索策略的新算法,,2008
Reused sad for partial search area in efficient three‐step search algorithm,https://www.tandfonline.com/doi/abs/10.1080/02533839.2007.9671283,2007
